{
    "ad-1": "عنوان الأعلان",
    "ad-10": "وصف العقار",
    "ad-11": "صور",
    "ad-12": "تحديد المواقع",
    "ad-2": "رقم الهاتف ",
    "ad-3": "الفئة",
    "ad-4": "نوع العقار",
    "ad-5": "المنطقة",
    "ad-6": "المساحة",
    "ad-7": "السعر",
    "ad-8": "الواجهة",
    "ad-9": "الرقم الآلي",
    "ad-btn": "اضافة",
    "ad-sh-1": "أجعل الأعلان مميز",
    "ad-sh-2": "نشر الإعلان لدى المكاتب",
    "ad-sh-3": "الموافقة على الشروط و القواعد",
    "ad-13":"اضافة اعلان",
    "edit":"تعديل"

}