{
    "ads-1": "إعلانات مميزة",
    "ads-2": "أحدث الإعلانات",
    "ads-3": "المزيد",
    "ads-4":"انتهت نتائج البحث ولا يوجد المزيد من الإعلانات    ",
    "ads-5":"عذراً لا يوجد نتائج",
    "ads-6":"احدث الخدمات",
    "banner": "ابحث عن عقارك وانت مكانك",
    "footer": "اتصل بنا",
    "footer-desc":"الرجاء تعبئة النموذج وسوف نقوم بالرد عليك بأقرب وقت",
    "nav-1": "الرئيسة",
    "nav-10": "أضف خدمة",
    "nav-11": "أضف مكتب",
    "nav-2": "المكاتب",
    "nav-3": "الباقات",
    "nav-4": "دخول",
    "nav-5": "تسجيل ",
    "nav-6": "تسجيل خروج",
    "nav-7": "الملف الشخصي",
    "nav-8": "اللغة",
    "nav-9": "أضف إعلان",
    "search-1": "بيع",
    "search-2": "إيجار",
    "search-3": "خدمات",
    "search-7": "ابحث الان",
    "search-title-city": "اسم المنطقة",
    "search-title-service": "نوع الخدمة",
    "search-title-type": "نوع العقار",
    "newestٍervice":"احدث الخدمات",
    "search-4": "اسم المنطقة",
    "search-5": "نوع العقار",
    "search-6": "نوع الخدمة",
    "drop-down-title":"كل محافظات الكويت",
    "drop-down-subTitle":"الكل",
    "hour":"ساعة",

    "edit":"تعديل",
    "premium":"مميز",
    "priceCode":"د.ك"



}

