{
    "sign-1": "دخول",
    "sign-2": "البريد الاكتروني",
    "sign-3": " كلمة السر",
    "sign-4": "اضغط هنا اذا نسيت كلمة السر؟",
    "sign-5": "تذكرني",
    "sign-6": "او يمكنك الدخول من خلال",
    "sign-7": "لا تملك حساب لدينا؟",
    "sign-8": "تسجيل ",
    "sign-9":" كلمة السر او الايميل غير صحيح",
    "sign-10":"الاسم",
    "sign-11":"رقم الهاتف",
    "sign-12":"حفظ"

}